{"errors":[],"warnings":[],"namedChunkGroups":{"app":{"chunks":[20,3],"assets":["webpack-runtime-d47700b835337677c5ca.js","webpack-runtime-d47700b835337677c5ca.js.map","app.755ca2c9c7582dabca65.css","app-c3004b0c01c958e4d4fa.js","app-c3004b0c01c958e4d4fa.js.map"],"children":{},"childAssets":{}},"component---src-pages-404-js":{"chunks":[0,1,4],"assets":["0-3341ae8b4aa865ff6e2d.js","0-3341ae8b4aa865ff6e2d.js.map","1-a69d422f788e7268c083.js","1-a69d422f788e7268c083.js.map","component---src-pages-404-js-33106fe77a12134ec25d.js","component---src-pages-404-js-33106fe77a12134ec25d.js.map"],"children":{},"childAssets":{}},"component---src-pages-accessibility-mdx":{"chunks":[0,2,1,5],"assets":["0-3341ae8b4aa865ff6e2d.js","0-3341ae8b4aa865ff6e2d.js.map","2.23648baa637902129315.css","2-f91713a94bab34635e15.js","2-f91713a94bab34635e15.js.map","1-a69d422f788e7268c083.js","1-a69d422f788e7268c083.js.map","component---src-pages-accessibility-mdx-00aa8868e5b1b8d0a999.js","component---src-pages-accessibility-mdx-00aa8868e5b1b8d0a999.js.map"],"children":{},"childAssets":{}},"component---src-pages-ajax-mdx":{"chunks":[0,2,1,6],"assets":["0-3341ae8b4aa865ff6e2d.js","0-3341ae8b4aa865ff6e2d.js.map","2.23648baa637902129315.css","2-f91713a94bab34635e15.js","2-f91713a94bab34635e15.js.map","1-a69d422f788e7268c083.js","1-a69d422f788e7268c083.js.map","component---src-pages-ajax-mdx-667420cee7ec345bdfe9.js","component---src-pages-ajax-mdx-667420cee7ec345bdfe9.js.map"],"children":{},"childAssets":{}},"component---src-pages-creating-tooltips-mdx":{"chunks":[0,2,1,8],"assets":["0-3341ae8b4aa865ff6e2d.js","0-3341ae8b4aa865ff6e2d.js.map","2.23648baa637902129315.css","2-f91713a94bab34635e15.js","2-f91713a94bab34635e15.js.map","1-a69d422f788e7268c083.js","1-a69d422f788e7268c083.js.map","component---src-pages-creating-tooltips-mdx-3fbda5d4f9ba91fb8eac.js","component---src-pages-creating-tooltips-mdx-3fbda5d4f9ba91fb8eac.js.map"],"children":{},"childAssets":{}},"component---src-pages-customizing-tooltips-mdx":{"chunks":[0,2,1,9],"assets":["0-3341ae8b4aa865ff6e2d.js","0-3341ae8b4aa865ff6e2d.js.map","2.23648baa637902129315.css","2-f91713a94bab34635e15.js","2-f91713a94bab34635e15.js.map","1-a69d422f788e7268c083.js","1-a69d422f788e7268c083.js.map","component---src-pages-customizing-tooltips-mdx-8db96807a5d1357ebe7b.js","component---src-pages-customizing-tooltips-mdx-8db96807a5d1357ebe7b.js.map"],"children":{},"childAssets":{}},"component---src-pages-faq-mdx":{"chunks":[0,1,10],"assets":["0-3341ae8b4aa865ff6e2d.js","0-3341ae8b4aa865ff6e2d.js.map","1-a69d422f788e7268c083.js","1-a69d422f788e7268c083.js.map","component---src-pages-faq-mdx-3c5587440142dd18a157.js","component---src-pages-faq-mdx-3c5587440142dd18a157.js.map"],"children":{},"childAssets":{}},"component---src-pages-getting-started-mdx":{"chunks":[0,1,11],"assets":["0-3341ae8b4aa865ff6e2d.js","0-3341ae8b4aa865ff6e2d.js.map","1-a69d422f788e7268c083.js","1-a69d422f788e7268c083.js.map","component---src-pages-getting-started-mdx-578b5e66d222d3c5748b.js","component---src-pages-getting-started-mdx-578b5e66d222d3c5748b.js.map"],"children":{},"childAssets":{}},"component---src-pages-html-content-mdx":{"chunks":[0,1,12],"assets":["0-3341ae8b4aa865ff6e2d.js","0-3341ae8b4aa865ff6e2d.js.map","1-a69d422f788e7268c083.js","1-a69d422f788e7268c083.js.map","component---src-pages-html-content-mdx-1c7d98750c52e1cfff74.js","component---src-pages-html-content-mdx-1c7d98750c52e1cfff74.js.map"],"children":{},"childAssets":{}},"component---src-pages-methods-mdx":{"chunks":[0,1,14],"assets":["0-3341ae8b4aa865ff6e2d.js","0-3341ae8b4aa865ff6e2d.js.map","1-a69d422f788e7268c083.js","1-a69d422f788e7268c083.js.map","component---src-pages-methods-mdx-ccd4e2e46489c91678c7.js","component---src-pages-methods-mdx-ccd4e2e46489c91678c7.js.map"],"children":{},"childAssets":{}},"component---src-pages-motivation-mdx":{"chunks":[0,1,16],"assets":["0-3341ae8b4aa865ff6e2d.js","0-3341ae8b4aa865ff6e2d.js.map","1-a69d422f788e7268c083.js","1-a69d422f788e7268c083.js.map","component---src-pages-motivation-mdx-85b419773228809c79c1.js","component---src-pages-motivation-mdx-85b419773228809c79c1.js.map"],"children":{},"childAssets":{}},"component---src-pages-themes-mdx":{"chunks":[0,2,1,17],"assets":["0-3341ae8b4aa865ff6e2d.js","0-3341ae8b4aa865ff6e2d.js.map","2.23648baa637902129315.css","2-f91713a94bab34635e15.js","2-f91713a94bab34635e15.js.map","1-a69d422f788e7268c083.js","1-a69d422f788e7268c083.js.map","component---src-pages-themes-mdx-b4bd33d8659d08ccc487.js","component---src-pages-themes-mdx-b4bd33d8659d08ccc487.js.map"],"children":{},"childAssets":{}},"component---src-pages-tippy-instance-mdx":{"chunks":[0,1,18],"assets":["0-3341ae8b4aa865ff6e2d.js","0-3341ae8b4aa865ff6e2d.js.map","1-a69d422f788e7268c083.js","1-a69d422f788e7268c083.js.map","component---src-pages-tippy-instance-mdx-8335f80bc266ff4c2bc3.js","component---src-pages-tippy-instance-mdx-8335f80bc266ff4c2bc3.js.map"],"children":{},"childAssets":{}},"component---src-pages-index-mdx":{"chunks":[0,2,1,13],"assets":["0-3341ae8b4aa865ff6e2d.js","0-3341ae8b4aa865ff6e2d.js.map","2.23648baa637902129315.css","2-f91713a94bab34635e15.js","2-f91713a94bab34635e15.js.map","1-a69d422f788e7268c083.js","1-a69d422f788e7268c083.js.map","component---src-pages-index-mdx-958f3a426ead5522969e.js","component---src-pages-index-mdx-958f3a426ead5522969e.js.map"],"children":{},"childAssets":{}},"component---src-pages-misc-mdx":{"chunks":[0,2,1,15],"assets":["0-3341ae8b4aa865ff6e2d.js","0-3341ae8b4aa865ff6e2d.js.map","2.23648baa637902129315.css","2-f91713a94bab34635e15.js","2-f91713a94bab34635e15.js.map","1-a69d422f788e7268c083.js","1-a69d422f788e7268c083.js.map","component---src-pages-misc-mdx-82b95f54d62e576238af.js","component---src-pages-misc-mdx-82b95f54d62e576238af.js.map"],"children":{},"childAssets":{}},"component---src-pages-all-options-mdx":{"chunks":[0,1,7],"assets":["0-3341ae8b4aa865ff6e2d.js","0-3341ae8b4aa865ff6e2d.js.map","1-a69d422f788e7268c083.js","1-a69d422f788e7268c083.js.map","component---src-pages-all-options-mdx-cfd979ddaaa9e835bb87.js","component---src-pages-all-options-mdx-cfd979ddaaa9e835bb87.js.map"],"children":{},"childAssets":{}},"pages-manifest":{"chunks":[19],"assets":["pages-manifest-6d5f57816c0c94a65550.js","pages-manifest-6d5f57816c0c94a65550.js.map"],"children":{},"childAssets":{}}},"assetsByChunkName":{"app":["webpack-runtime-d47700b835337677c5ca.js","app.755ca2c9c7582dabca65.css","app-c3004b0c01c958e4d4fa.js"],"component---src-pages-404-js":["0-3341ae8b4aa865ff6e2d.js","1-a69d422f788e7268c083.js","component---src-pages-404-js-33106fe77a12134ec25d.js"],"component---src-pages-accessibility-mdx":["0-3341ae8b4aa865ff6e2d.js","2.23648baa637902129315.css","2-f91713a94bab34635e15.js","1-a69d422f788e7268c083.js","component---src-pages-accessibility-mdx-00aa8868e5b1b8d0a999.js"],"component---src-pages-ajax-mdx":["0-3341ae8b4aa865ff6e2d.js","2.23648baa637902129315.css","2-f91713a94bab34635e15.js","1-a69d422f788e7268c083.js","component---src-pages-ajax-mdx-667420cee7ec345bdfe9.js"],"component---src-pages-creating-tooltips-mdx":["0-3341ae8b4aa865ff6e2d.js","2.23648baa637902129315.css","2-f91713a94bab34635e15.js","1-a69d422f788e7268c083.js","component---src-pages-creating-tooltips-mdx-3fbda5d4f9ba91fb8eac.js"],"component---src-pages-customizing-tooltips-mdx":["0-3341ae8b4aa865ff6e2d.js","2.23648baa637902129315.css","2-f91713a94bab34635e15.js","1-a69d422f788e7268c083.js","component---src-pages-customizing-tooltips-mdx-8db96807a5d1357ebe7b.js"],"component---src-pages-faq-mdx":["0-3341ae8b4aa865ff6e2d.js","1-a69d422f788e7268c083.js","component---src-pages-faq-mdx-3c5587440142dd18a157.js"],"component---src-pages-getting-started-mdx":["0-3341ae8b4aa865ff6e2d.js","1-a69d422f788e7268c083.js","component---src-pages-getting-started-mdx-578b5e66d222d3c5748b.js"],"component---src-pages-html-content-mdx":["0-3341ae8b4aa865ff6e2d.js","1-a69d422f788e7268c083.js","component---src-pages-html-content-mdx-1c7d98750c52e1cfff74.js"],