{"errors":[],"warnings":[],"namedChunkGroups":{"app":{"chunks":[20,3],"assets":["webpack-runtime-58ed2783edc4e6e671aa.js","webpack-runtime-58ed2783edc4e6e671aa.js.map","app.755ca2c9c7582dabca65.css","app-b207cbe22aa9ee392cf8.js","app-b207cbe22aa9ee392cf8.js.map"],"children":{},"childAssets":{}},"component---src-pages-404-js":{"chunks":[0,1,4],"assets":["0-fd1f4f13506882e6eea1.js","0-fd1f4f13506882e6eea1.js.map","1-a3031573f4a6b16a231f.js","1-a3031573f4a6b16a231f.js.map","component---src-pages-404-js-33106fe77a12134ec25d.js","component---src-pages-404-js-33106fe77a12134ec25d.js.map"],"children":{},"childAssets":{}},"component---src-pages-accessibility-mdx":{"chunks":[0,2,1,5],"assets":["0-fd1f4f13506882e6eea1.js","0-fd1f4f13506882e6eea1.js.map","2.23648baa637902129315.css","2-b594952e4ed5b9d4ab73.js","2-b594952e4ed5b9d4ab73.js.map","1-a3031573f4a6b16a231f.js","1-a3031573f4a6b16a231f.js.map","component---src-pages-accessibility-mdx-00aa8868e5b1b8d0a999.js","component---src-pages-accessibility-mdx-00aa8868e5b1b8d0a999.js.map"],"children":{},"childAssets":{}},"component---src-pages-ajax-mdx":{"chunks":[0,2,1,6],"assets":["0-fd1f4f13506882e6eea1.js","0-fd1f4f13506882e6eea1.js.map","2.23648baa637902129315.css","2-b594952e4ed5b9d4ab73.js","2-b594952e4ed5b9d4ab73.js.map","1-a3031573f4a6b16a231f.js","1-a3031573f4a6b16a231f.js.map","component---src-pages-ajax-mdx-ad3f24af6c5d6dca30b5.js","component---src-pages-ajax-mdx-ad3f24af6c5d6dca30b5.js.map"],"children":{},"childAssets":{}},"component---src-pages-creating-tooltips-mdx":{"chunks":[0,2,1,8],"assets":["0-fd1f4f13506882e6eea1.js","0-fd1f4f13506882e6eea1.js.map","2.23648baa637902129315.css","2-b594952e4ed5b9d4ab73.js","2-b594952e4ed5b9d4ab73.js.map","1-a3031573f4a6b16a231f.js","1-a3031573f4a6b16a231f.js.map","component---src-pages-creating-tooltips-mdx-a581dd3742b3867c11a5.js","component---src-pages-creating-tooltips-mdx-a581dd3742b3867c11a5.js.map"],"children":{},"childAssets":{}},"component---src-pages-customizing-tooltips-mdx":{"chunks":[0,2,1,9],"assets":["0-fd1f4f13506882e6eea1.js","0-fd1f4f13506882e6eea1.js.map","2.23648baa637902129315.css","2-b594952e4ed5b9d4ab73.js","2-b594952e4ed5b9d4ab73.js.map","1-a3031573f4a6b16a231f.js","1-a3031573f4a6b16a231f.js.map","component---src-pages-customizing-tooltips-mdx-c1aa20ec93b907cced60.js","component---src-pages-customizing-tooltips-mdx-c1aa20ec93b907cced60.js.map"],"children":{},"childAssets":{}},"component---src-pages-faq-mdx":{"chunks":[0,1,10],"assets":["0-fd1f4f13506882e6eea1.js","0-fd1f4f13506882e6eea1.js.map","1-a3031573f4a6b16a231f.js","1-a3031573f4a6b16a231f.js.map","component---src-pages-faq-mdx-3c5587440142dd18a157.js","component---src-pages-faq-mdx-3c5587440142dd18a157.js.map"],"children":{},"childAssets":{}},"component---src-pages-getting-started-mdx":{"chunks":[0,1,11],"assets":["0-fd1f4f13506882e6eea1.js","0-fd1f4f13506882e6eea1.js.map","1-a3031573f4a6b16a231f.js","1-a3031573f4a6b16a231f.js.map","component---src-pages-getting-started-mdx-578b5e66d222d3c5748b.js","component---src-pages-getting-started-mdx-578b5e66d222d3c5748b.js.map"],"children":{},"childAssets":{}},"component---src-pages-html-content-mdx":{"chunks":[0,1,12],"assets":["0-fd1f4f13506882e6eea1.js","0-fd1f4f13506882e6eea1.js.map","1-a3031573f4a6b16a231f.js","1-a3031573f4a6b16a231f.js.map","component---src-pages-html-content-mdx-1c7d98750c52e1cfff74.js","component---src-pages-html-content-mdx-1c7d98750c52e1cfff74.js.map"],"children":{},"childAssets":{}},"component---src-pages-index-mdx":{"chunks":[0,2,1,13],"assets":["0-fd1f4f13506882e6eea1.js","0-fd1f4f13506882e6eea1.js.map","2.23648baa637902129315.css","2-b594952e4ed5b9d4ab73.js","2-b594952e4ed5b9d4ab73.js.map","1-a3031573f4a6b16a231f.js","1-a3031573f4a6b16a231f.js.map","component---src-pages-index-mdx-cbe797b46849f19d1f32.js","component---src-pages-index-mdx-cbe797b46849f19d1f32.js.map"],"children":{},"childAssets":{}},"component---src-pages-methods-mdx":{"chunks":[0,1,14],"assets":["0-fd1f4f13506882e6eea1.js","0-fd1f4f13506882e6eea1.js.map","1-a3031573f4a6b16a231f.js","1-a3031573f4a6b16a231f.js.map","component---src-pages-methods-mdx-0d187bea1edd91c08c0d.js","component---src-pages-methods-mdx-0d187bea1edd91c08c0d.js.map"],"children":{},"childAssets":{}},"component---src-pages-motivation-mdx":{"chunks":[0,1,16],"assets":["0-fd1f4f13506882e6eea1.js","0-fd1f4f13506882e6eea1.js.map","1-a3031573f4a6b16a231f.js","1-a3031573f4a6b16a231f.js.map","component---src-pages-motivation-mdx-f45955188184bdf7ce11.js","component---src-pages-motivation-mdx-f45955188184bdf7ce11.js.map"],"children":{},"childAssets":{}},"component---src-pages-themes-mdx":{"chunks":[0,2,1,17],"assets":["0-fd1f4f13506882e6eea1.js","0-fd1f4f13506882e6eea1.js.map","2.23648baa637902129315.css","2-b594952e4ed5b9d4ab73.js","2-b594952e4ed5b9d4ab73.js.map","1-a3031573f4a6b16a231f.js","1-a3031573f4a6b16a231f.js.map","component---src-pages-themes-mdx-2e112b854b634148c7d8.js","component---src-pages-themes-mdx-2e112b854b634148c7d8.js.map"],"children":{},"childAssets":{}},"component---src-pages-tippy-instance-mdx":{"chunks":[0,1,18],"assets":["0-fd1f4f13506882e6eea1.js","0-fd1f4f13506882e6eea1.js.map","1-a3031573f4a6b16a231f.js","1-a3031573f4a6b16a231f.js.map","component---src-pages-tippy-instance-mdx-c741c399e531667d3046.js","component---src-pages-tippy-instance-mdx-c741c399e531667d3046.js.map"],"children":{},"childAssets":{}},"component---src-pages-misc-mdx":{"chunks":[0,2,1,15],"assets":["0-fd1f4f13506882e6eea1.js","0-fd1f4f13506882e6eea1.js.map","2.23648baa637902129315.css","2-b594952e4ed5b9d4ab73.js","2-b594952e4ed5b9d4ab73.js.map","1-a3031573f4a6b16a231f.js","1-a3031573f4a6b16a231f.js.map","component---src-pages-misc-mdx-d06198a9acdb0b4885fe.js","component---src-pages-misc-mdx-d06198a9acdb0b4885fe.js.map"],"children":{},"childAssets":{}},"component---src-pages-all-options-mdx":{"chunks":[0,1,7],"assets":["0-fd1f4f13506882e6eea1.js","0-fd1f4f13506882e6eea1.js.map","1-a3031573f4a6b16a231f.js","1-a3031573f4a6b16a231f.js.map","component---src-pages-all-options-mdx-cfd979ddaaa9e835bb87.js","component---src-pages-all-options-mdx-cfd979ddaaa9e835bb87.js.map"],"children":{},"childAssets":{}},"pages-manifest":{"chunks":[19],"assets":["pages-manifest-6d5f57816c0c94a65550.js","pages-manifest-6d5f57816c0c94a65550.js.map"],"children":{},"childAssets":{}}},"assetsByChunkName":{"app":["webpack-runtime-58ed2783edc4e6e671aa.js","app.755ca2c9c7582dabca65.css","app-b207cbe22aa9ee392cf8.js"],"component---src-pages-404-js":["0-fd1f4f13506882e6eea1.js","1-a3031573f4a6b16a231f.js","component---src-pages-404-js-33106fe77a12134ec25d.js"],"component---src-pages-accessibility-mdx":["0-fd1f4f13506882e6eea1.js","2.23648baa637902129315.css","2-b594952e4ed5b9d4ab73.js","1-a3031573f4a6b16a231f.js","component---src-pages-accessibility-mdx-00aa8868e5b1b8d0a999.js"],"component---src-pages-ajax-mdx":["0-fd1f4f13506882e6eea1.js","2.23648baa637902129315.css","2-b594952e4ed5b9d4ab73.js","1-a3031573f4a6b16a231f.js","component---src-pages-ajax-mdx-ad3f24af6c5d6dca30b5.js"],"component---src-pages-creating-tooltips-mdx":["0-fd1f4f13506882e6eea1.js","2.23648baa637902129315.css","2-b594952e4ed5b9d4ab73.js","1-a3031573f4a6b16a231f.js","component---src-pages-creating-tooltips-mdx-a581dd3742b3867c11a5.js"],"component---src-pages-customizing-tooltips-mdx":["0-fd1f4f13506882e6eea1.js","2.23648baa637902129315.css","2-b594952e4ed5b9d4ab73.js","1-a3031573f4a6b16a231f.js","component---src-pages-customizing-tooltips-mdx-c1aa20ec93b907cced60.js"],"component---src-pages-faq-mdx":["0-fd1f4f13506882e6eea1.js","1-a3031573f4a6b16a231f.js","component---src-pages-faq-mdx-3c5587440142dd18a157.js"],"component---src-pages-getting-started-mdx":["0-fd1f4f13506882e6eea1.js","1-a3031573f4a6b16a231f.js","component---src-pages-getting-started-mdx-578b5e66d222d3c5748b.js"],"component---src-pages-html-content-mdx":["0-fd1f4f13506882e6eea1.js","1-a3031573f4a6b16a231f.js","component---src-pages-html-content-mdx-1c7d98750c52e1cfff74.js"],