{"errors":[],"warnings":[],"namedChunkGroups":{"app":{"chunks":[20,3],"assets":["webpack-runtime-5d9d1bcee76a882e9d24.js","webpack-runtime-5d9d1bcee76a882e9d24.js.map","app.755ca2c9c7582dabca65.css","app-13f893d0d7011de2552e.js","app-13f893d0d7011de2552e.js.map"],"children":{},"childAssets":{}},"component---src-pages-404-js":{"chunks":[0,1,4],"assets":["0-3341ae8b4aa865ff6e2d.js","0-3341ae8b4aa865ff6e2d.js.map","1-f22d8f3b822672b92239.js","1-f22d8f3b822672b92239.js.map","component---src-pages-404-js-33106fe77a12134ec25d.js","component---src-pages-404-js-33106fe77a12134ec25d.js.map"],"children":{},"childAssets":{}},"component---src-pages-accessibility-mdx":{"chunks":[0,2,1,5],"assets":["0-3341ae8b4aa865ff6e2d.js","0-3341ae8b4aa865ff6e2d.js.map","2.23648baa637902129315.css","2-f91713a94bab34635e15.js","2-f91713a94bab34635e15.js.map","1-f22d8f3b822672b92239.js","1-f22d8f3b822672b92239.js.map","component---src-pages-accessibility-mdx-650c862f3a4834169350.js","component---src-pages-accessibility-mdx-650c862f3a4834169350.js.map"],"children":{},"childAssets":{}},"component---src-pages-ajax-mdx":{"chunks":[0,2,1,6],"assets":["0-3341ae8b4aa865ff6e2d.js","0-3341ae8b4aa865ff6e2d.js.map","2.23648baa637902129315.css","2-f91713a94bab34635e15.js","2-f91713a94bab34635e15.js.map","1-f22d8f3b822672b92239.js","1-f22d8f3b822672b92239.js.map","component---src-pages-ajax-mdx-7bb3de3d43a3427889ea.js","component---src-pages-ajax-mdx-7bb3de3d43a3427889ea.js.map"],"children":{},"childAssets":{}},"component---src-pages-creating-tooltips-mdx":{"chunks":[0,2,1,8],"assets":["0-3341ae8b4aa865ff6e2d.js","0-3341ae8b4aa865ff6e2d.js.map","2.23648baa637902129315.css","2-f91713a94bab34635e15.js","2-f91713a94bab34635e15.js.map","1-f22d8f3b822672b92239.js","1-f22d8f3b822672b92239.js.map","component---src-pages-creating-tooltips-mdx-fca6e0550fbb0d9a4891.js","component---src-pages-creating-tooltips-mdx-fca6e0550fbb0d9a4891.js.map"],"children":{},"childAssets":{}},"component---src-pages-customizing-tooltips-mdx":{"chunks":[0,2,1,9],"assets":["0-3341ae8b4aa865ff6e2d.js","0-3341ae8b4aa865ff6e2d.js.map","2.23648baa637902129315.css","2-f91713a94bab34635e15.js","2-f91713a94bab34635e15.js.map","1-f22d8f3b822672b92239.js","1-f22d8f3b822672b92239.js.map","component---src-pages-customizing-tooltips-mdx-9ae39305b1eb51e91ce6.js","component---src-pages-customizing-tooltips-mdx-9ae39305b1eb51e91ce6.js.map"],"children":{},"childAssets":{}},"component---src-pages-faq-mdx":{"chunks":[0,1,10],"assets":["0-3341ae8b4aa865ff6e2d.js","0-3341ae8b4aa865ff6e2d.js.map","1-f22d8f3b822672b92239.js","1-f22d8f3b822672b92239.js.map","component---src-pages-faq-mdx-aaa22d0da76f1eabdad5.js","component---src-pages-faq-mdx-aaa22d0da76f1eabdad5.js.map"],"children":{},"childAssets":{}},"component---src-pages-getting-started-mdx":{"chunks":[0,1,11],"assets":["0-3341ae8b4aa865ff6e2d.js","0-3341ae8b4aa865ff6e2d.js.map","1-f22d8f3b822672b92239.js","1-f22d8f3b822672b92239.js.map","component---src-pages-getting-started-mdx-ed79f570e4b468c551a8.js","component---src-pages-getting-started-mdx-ed79f570e4b468c551a8.js.map"],"children":{},"childAssets":{}},"component---src-pages-html-content-mdx":{"chunks":[0,1,12],"assets":["0-3341ae8b4aa865ff6e2d.js","0-3341ae8b4aa865ff6e2d.js.map","1-f22d8f3b822672b92239.js","1-f22d8f3b822672b92239.js.map","component---src-pages-html-content-mdx-2b72e3339f3b4adcff8a.js","component---src-pages-html-content-mdx-2b72e3339f3b4adcff8a.js.map"],"children":{},"childAssets":{}},"component---src-pages-methods-mdx":{"chunks":[0,1,14],"assets":["0-3341ae8b4aa865ff6e2d.js","0-3341ae8b4aa865ff6e2d.js.map","1-f22d8f3b822672b92239.js","1-f22d8f3b822672b92239.js.map","component---src-pages-methods-mdx-4bcdea336e5ae620bbb2.js","component---src-pages-methods-mdx-4bcdea336e5ae620bbb2.js.map"],"children":{},"childAssets":{}},"component---src-pages-index-mdx":{"chunks":[0,2,1,13],"assets":["0-3341ae8b4aa865ff6e2d.js","0-3341ae8b4aa865ff6e2d.js.map","2.23648baa637902129315.css","2-f91713a94bab34635e15.js","2-f91713a94bab34635e15.js.map","1-f22d8f3b822672b92239.js","1-f22d8f3b822672b92239.js.map","component---src-pages-index-mdx-f0e5a0e422b6f83b7ead.js","component---src-pages-index-mdx-f0e5a0e422b6f83b7ead.js.map"],"children":{},"childAssets":{}},"component---src-pages-motivation-mdx":{"chunks":[0,1,16],"assets":["0-3341ae8b4aa865ff6e2d.js","0-3341ae8b4aa865ff6e2d.js.map","1-f22d8f3b822672b92239.js","1-f22d8f3b822672b92239.js.map","component---src-pages-motivation-mdx-14e9fad2fc3354e4afbb.js","component---src-pages-motivation-mdx-14e9fad2fc3354e4afbb.js.map"],"children":{},"childAssets":{}},"component---src-pages-themes-mdx":{"chunks":[0,2,1,17],"assets":["0-3341ae8b4aa865ff6e2d.js","0-3341ae8b4aa865ff6e2d.js.map","2.23648baa637902129315.css","2-f91713a94bab34635e15.js","2-f91713a94bab34635e15.js.map","1-f22d8f3b822672b92239.js","1-f22d8f3b822672b92239.js.map","component---src-pages-themes-mdx-358a82661fa47df3fde2.js","component---src-pages-themes-mdx-358a82661fa47df3fde2.js.map"],"children":{},"childAssets":{}},"component---src-pages-tippy-instance-mdx":{"chunks":[0,1,18],"assets":["0-3341ae8b4aa865ff6e2d.js","0-3341ae8b4aa865ff6e2d.js.map","1-f22d8f3b822672b92239.js","1-f22d8f3b822672b92239.js.map","component---src-pages-tippy-instance-mdx-6c47e44bbe48614acdd8.js","component---src-pages-tippy-instance-mdx-6c47e44bbe48614acdd8.js.map"],"children":{},"childAssets":{}},"component---src-pages-misc-mdx":{"chunks":[0,2,1,15],"assets":["0-3341ae8b4aa865ff6e2d.js","0-3341ae8b4aa865ff6e2d.js.map","2.23648baa637902129315.css","2-f91713a94bab34635e15.js","2-f91713a94bab34635e15.js.map","1-f22d8f3b822672b92239.js","1-f22d8f3b822672b92239.js.map","component---src-pages-misc-mdx-6c7dd0049723222f0aec.js","component---src-pages-misc-mdx-6c7dd0049723222f0aec.js.map"],"children":{},"childAssets":{}},"component---src-pages-all-options-mdx":{"chunks":[0,1,7],"assets":["0-3341ae8b4aa865ff6e2d.js","0-3341ae8b4aa865ff6e2d.js.map","1-f22d8f3b822672b92239.js","1-f22d8f3b822672b92239.js.map","component---src-pages-all-options-mdx-cfd979ddaaa9e835bb87.js","component---src-pages-all-options-mdx-cfd979ddaaa9e835bb87.js.map"],"children":{},"childAssets":{}},"pages-manifest":{"chunks":[19],"assets":["pages-manifest-76df3a205dd194423927.js","pages-manifest-76df3a205dd194423927.js.map"],"children":{},"childAssets":{}}},"assetsByChunkName":{"app":["webpack-runtime-5d9d1bcee76a882e9d24.js","app.755ca2c9c7582dabca65.css","app-13f893d0d7011de2552e.js"],"component---src-pages-404-js":["0-3341ae8b4aa865ff6e2d.js","1-f22d8f3b822672b92239.js","component---src-pages-404-js-33106fe77a12134ec25d.js"],"component---src-pages-accessibility-mdx":["0-3341ae8b4aa865ff6e2d.js","2.23648baa637902129315.css","2-f91713a94bab34635e15.js","1-f22d8f3b822672b92239.js","component---src-pages-accessibility-mdx-650c862f3a4834169350.js"],"component---src-pages-ajax-mdx":["0-3341ae8b4aa865ff6e2d.js","2.23648baa637902129315.css","2-f91713a94bab34635e15.js","1-f22d8f3b822672b92239.js","component---src-pages-ajax-mdx-7bb3de3d43a3427889ea.js"],"component---src-pages-creating-tooltips-mdx":["0-3341ae8b4aa865ff6e2d.js","2.23648baa637902129315.css","2-f91713a94bab34635e15.js","1-f22d8f3b822672b92239.js","component---src-pages-creating-tooltips-mdx-fca6e0550fbb0d9a4891.js"],"component---src-pages-customizing-tooltips-mdx":["0-3341ae8b4aa865ff6e2d.js","2.23648baa637902129315.css","2-f91713a94bab34635e15.js","1-f22d8f3b822672b92239.js","component---src-pages-customizing-tooltips-mdx-9ae39305b1eb51e91ce6.js"],"component---src-pages-faq-mdx":["0-3341ae8b4aa865ff6e2d.js","1-f22d8f3b822672b92239.js","component---src-pages-faq-mdx-aaa22d0da76f1eabdad5.js"],"component---src-pages-getting-started-mdx":["0-3341ae8b4aa865ff6e2d.js","1-f22d8f3b822672b92239.js","component---src-pages-getting-started-mdx-ed79f570e4b468c551a8.js"],"component---src-pages-html-content-mdx":["0-3341ae8b4aa865ff6e2d.js","1-f22d8f3b822672b92239.js","component---src-pages-html-content-mdx-2b72e3339f3b4adcff8a.js"],